<?xml version="1.0" encoding="UTF-8"?>
<beans xmlns="http://www.springframework.org/schema/beans"
       xmlns:xsi="http://www.w3.org/2001/XMLSchema-instance"

       xsi:schemaLocation="http://www.springframework.org/schema/beans http://www.springframework.org/schema/beans/spring-beans-4.0.xsd
">
<bean id="obj" class="Employee" scope="prototype">  
<!-- Spring expects a method with name setId -->    
<property name="id">  
<value>20</value>  
</property>  
<property name="name">  
<value>Arun</value>  
</property>  
<property name="city">  
<value>Bangalore</value>  
</property>  
  
</bean>  
</beans>
