<?xml version="1.0" encoding="UTF-8"?>
<beans xmlns="http://www.springframework.org/schema/beans"
    xmlns:xsi="http://www.w3.org/2001/XMLSchema-instance" 
    xmlns:aop="http://www.springframework.org/schema/aop"
    xsi:schemaLocation="http://www.springframework.org/schema/beans
    http://www.springframework.org/schema/beans/spring-beans-3.0.xsd 
    http://www.springframework.org/schema/aop 
    http://www.springframework.org/schema/aop/spring-aop-3.0.xsd ">

    <aop:aspectj-autoproxy/>

    <aop:config>
<aop:aspect id="log1" ref="logging">
<!-- aop:pointcut id="pct"
expression="execution(* *.*(..))"/ -->

<aop:before pointcut="execution(* *.*(..))" method="beforeAdvice"/>
<aop:after pointcut="execution(* *.*(..))" method="afterAdvice"/>
<aop:after pointcut="execution(* *.*(..))" method="afterAdvice1"/>
<aop:after-returning pointcut="execution(* *.*(..))" method="afterReturningAdvice" 
                     returning="retVal"/>

<aop:after-throwing pointcut="execution(* *.*(..))" method="AfterThrowingAdvice" 
                    throwing = "ex"/>

</aop:aspect>
</aop:config>
   <!-- Definition for student bean -->
   <bean id="student" class="Student">
      <property name="name"  value="MyName" />
      <property name="age"  value="11"/>      
   </bean>

   <!-- Definition for logging aspect -->
   <bean id="logging" class="Log"/> 
      
</beans>
