<?xml version="1.0" encoding="UTF-8"?>

<!DOCTYPE hibernate-mapping PUBLIC
  "-//Hibernate/Hibernate Mapping DTD 3.0//EN"
  "http://hibernate.sourceforge.net/hibernate-mapping-3.0.dtd">

<hibernate-mapping>
   <class name="Trainer" table="ttrainer">
      <meta attribute="class-description">
         This class contains the Trainer details. 
      </meta>
      <id name="id" type="int" column="id">
         <generator class="native"/>
      </id>
      <property name="firstName" column="first_name" type="string"/>
      <property name="lastName" column="last_name" type="string"/>
      <property name="salary" column="salary" type="int"/>
      <many-to-one name="student" column="trn_student" unique="true" 
       class="Student" not-null="true"/>
   </class>

   <class name="Student" table="tstudent">
      <meta attribute="class-description">
         This class contains Student details. 
      </meta>
      <id name="id" type="int" column="id">
         <generator class="native"/>
      </id>
      <property name="sName" column="stdnt_name" type="string"  not-null="true"/>
      <property name="sPhone" column="stdnt_phone" type="string"/>
   </class>

</hibernate-mapping>
