<?xml version="1.0" encoding="UTF-8"?>
<beans xmlns="http://www.springframework.org/schema/beans"
       xmlns:xsi="http://www.w3.org/2001/XMLSchema-instance"

       xsi:schemaLocation="http://www.springframework.org/schema/beans http://www.springframework.org/schema/beans/spring-beans-4.0.xsd
">
    <!-- scope prototype is required only for giving dynamic values -->
<bean id="e" class="XyzEmployee" scope="prototype">  
<!-- constructor-arg value="10" type="int" name="sdfsdid" ></constructor-arg>   
<constructor-arg value="abcd" type="String" name="namedsfsdfs" ></constructor-arg --> 
<constructor-arg value="10" type="int" ></constructor-arg>   
<constructor-arg value="abcd" type="String" ></constructor-arg> 
<constructor-arg value="somename" type="String" ></constructor-arg> 
</bean>
</beans>
