<?xml version="1.0" encoding="UTF-8"?>
<?xml version="1.0" encoding="UTF-8"?>
<beans xmlns="http://www.springframework.org/schema/beans"
       xmlns:xsi="http://www.w3.org/2001/XMLSchema-instance"

       xsi:schemaLocation="http://www.springframework.org/schema/beans http://www.springframework.org/schema/beans/spring-beans-4.0.xsd
">

<bean id="id1" class="NewClass">
 
<constructor-arg name="data" >
   <map>
       <entry key="k1">
           <value>10</value>
       </entry>
       <entry key="k2">
           <value>javatest</value>
       </entry>
       <entry key="k3">
           <value>14.56</value>
       </entry>
   </map>
</constructor-arg>
 
</bean>
</beans>
