<?xml version="1.0" encoding="UTF-8"?>
<beans xmlns="http://www.springframework.org/schema/beans"
    xmlns:xsi="http://www.w3.org/2001/XMLSchema-instance" 
    xsi:schemaLocation="http://www.springframework.org/schema/beans
    http://www.springframework.org/schema/beans/spring-beans-3.0.xsd ">  
<bean id="dataSource" 
      class="org.springframework.jdbc.datasource.DriverManagerDataSource">
      <property name="driverClassName" value="com.mysql.jdbc.Driver"/>
      <property name="url" value="jdbc:mysql://localhost:3306/abcd"/>
      <property name="username" value="root"/>
      <property name="password" value="abcdfe"/>
   </bean>
      
    <bean id="mysessionFactory"  class="org.springframework.orm.hibernate3.LocalSessionFactoryBean">  
        <property name="dataSource" ref="dataSource"></property>  
          
        <property name="mappingResources">  
        <list>  
        <value>employee.hbm.xml</value>  
        </list>  
        </property>  
          
        <property name="hibernateProperties">  
            <props>  
                <prop key="hibernate.dialect">org.hibernate.dialect.MySQLDialect</prop>  
                <prop key="hibernate.hbm2ddl.auto">update</prop>  
                <prop key="hibernate.show_sql">true</prop>  
                  
            </props>  
        </property>  
    </bean>  
      
    <bean id="hTemplate" class="org.springframework.orm.hibernate3.HibernateTemplate">  
    <property name="sessionFactory" ref="mysessionFactory"></property>  
    </bean>  
      
    <bean id="d" class="springhibernate.EmployeeDao">  
    <property name="eTemplate" ref="hTemplate"></property>  
    </bean>  
    </beans>  