<?xml version="1.0" encoding="UTF-8"?>

<!DOCTYPE hibernate-mapping PUBLIC
  "-//Hibernate/Hibernate Mapping DTD 3.0//EN"
  "http://hibernate.sourceforge.net/hibernate-mapping-3.0.dtd">

<hibernate-mapping>
   <class name="Employee" table="OEMPLOYEE">
      <meta attribute="class-description">
         This class contains the employee detail. 
      </meta>
      <id name="id" type="int" column="id">
         <generator class="native"/>
      </id>
      <property name="firstName" column="first_name" type="string"/>
      <property name="lastName" column="last_name" type="string"/>
      <property name="salary" column="salary" type="int"/>
      <many-to-one name="address" column="emp_address" unique="true" 
       class="Address" not-null="true"/>
   </class>

   <class name="Address" table="OADDRESS">
      <meta attribute="class-description">
         This class contains the address detail. 
      </meta>
      <id name="id" type="int" column="id">
         <generator class="native"/>
      </id>
      <property name="street" column="street_name" type="string"  not-null="true"/>
      <property name="city" column="city_name" type="string"/>
      <property name="state" column="state_name" type="string"/>
      <property name="zipcode" column="zipcode" type="string"/>
   </class>

</hibernate-mapping>
