<?xml version="1.0" encoding="UTF-8"?>
<!DOCTYPE hibernate-configuration PUBLIC "-//Hibernate/Hibernate Configuration DTD 3.0//EN" "http://hibernate.sourceforge.net/hibernate-configuration-3.0.dtd">
<hibernate-configuration>
  <session-factory>
    <!-- property name="show_sql">true</property -->
    <property name="hbm2ddl.auto">update</property>
    <!--Below are other values for hbm2ddl.auto
      validate: validate the schema, makes no changes to the database.
update: update the schema.
create: creates the schema, destroying previous data.
create-drop: drop the schema at the end of the session.
      -->
    <!--property name="hibernate.cache.use_query_cache">true</property -->
    <property name="hibernate.dialect">org.hibernate.dialect.MySQLDialect</property>
    <property name="hibernate.connection.driver_class">com.mysql.jdbc.Driver</property>
    <property name="hibernate.connection.url">jdbc:mysql://localhost:3306/aaaa?zeroDateTimeBehavior=convertToNull</property>
    <property name="hibernate.connection.username">root</property>
    <property name="hibernate.connection.password">abcdfe</property>
    <mapping resource="hibernate.hbm.xml"/>
  </session-factory>
</hibernate-configuration>
