<?xml version='1.0' encoding='UTF-8'?>  
<!DOCTYPE hibernate-configuration PUBLIC
    "-//Hibernate/Hibernate Configuration DTD 3.5//EN"
    "http://www.hibernate.org/dtd/hibernate-configuration-3.0.dtd">
<hibernate-configuration>     
      <session-factory>
      <property name="hbm2ddl.auto">update</property>  
    <property name="hibernate.dialect">org.hibernate.dialect.MySQLDialect</property>
    <property name="hibernate.connection.driver_class">com.mysql.jdbc.Driver</property>
    <property name="hibernate.connection.url">jdbc:mysql://localhost:3306/thursday?zeroDateTimeBehavior=convertToNull</property>
    <property name="hibernate.connection.username">root</property>
    <property name="hibernate.connection.password">abcdfe</property>
    <!--   mapping resource="employee.hbm.xml"/ --> 
        <mapping class="Employee"/> 
  </session-factory>
</hibernate-configuration> 