<?xml version="1.0" encoding="UTF-8"?>

<!DOCTYPE hibernate-mapping PUBLIC
  "-//Hibernate/Hibernate Mapping DTD 3.0//EN"
  "http://hibernate.sourceforge.net/hibernate-mapping-3.0.dtd">

<hibernate-mapping>
   <class name="Employee" table="OEMPLOYEE">
      <meta attribute="class-description">
         This class contains the employee detail. 
      </meta>
      <id name="id" type="int" column="id">
         <generator class="native"/>
      </id>
      <set name="address" cascade="all">
         <key column="address_id"/>
         <one-to-many class="Address"/>
      </set>
      <property name="firstName" column="first_name" type="string"/>
      <property name="lastName" column="last_name" type="string"/>
      <property name="salary" column="salary" type="int"/>
   </class>

   <class name="Address" table="oaddress">
      <meta attribute="class-description">
         This class contains the certificate records. 
      </meta>
      <id name="id" type="int" column="id">
         <generator class="native"/>
      </id>
      <property name="street" column="tstreet" type="string"/>
   </class>

</hibernate-mapping>
