<?xml version="1.0" encoding="UTF-8"?>
<beans xmlns="http://www.springframework.org/schema/beans"
       xmlns:xsi="http://www.w3.org/2001/XMLSchema-instance"

       xsi:schemaLocation="http://www.springframework.org/schema/beans http://www.springframework.org/schema/beans/spring-beans-4.0.xsd
">
<bean id="a1" class="Address">  
<constructor-arg value="Bangalore"></constructor-arg>  
<constructor-arg value="KA"></constructor-arg>  
<constructor-arg value="India"></constructor-arg>  
</bean>  
  
  <bean id="d1" class="Department">  
<constructor-arg value="2641" type="int"></constructor-arg>  
<constructor-arg value="Finance"></constructor-arg>  
<constructor-arg value="Abc person"></constructor-arg>  
<constructor-arg value="4321"></constructor-arg>  
</bean>  

<bean id="e" class="Employee">  
<constructor-arg value="12" type="int"></constructor-arg>  
<constructor-arg value="kumar"></constructor-arg>  
<constructor-arg>  
<ref bean="a1"/>  
</constructor-arg>  
<constructor-arg>  
<ref bean="d1"/>  
</constructor-arg> 
</bean>
</beans>
